{
  "version": 1,
  "author": "Thelma Cherop",
  "editor": "wokwi",
  "parts": [
    { "type": "wokwi-breadboard", "id": "bb1", "top": -31.8, "left": -74, "attrs": {} },
    { "type": "wokwi-arduino-uno", "id": "uno", "top": 183, "left": 47.4, "attrs": {} },
    { "type": "wokwi-servo", "id": "servo1", "top": -155.6, "left": 163.2, "attrs": {} },
    { "type": "wokwi-servo", "id": "servo2", "top": -155.6, "left": -38.4, "attrs": {} }
  ],
  "connections": [
    [ "uno:5V", "bb1:bp.1", "red", [ "v9.5", "h-284.2", "v-230.4" ] ],
    [ "uno:GND.1", "bb1:bn.1", "black", [ "v-19.2", "h-28.5" ] ],
    [ "servo2:GND", "bb1:bn.5", "black", [ "h-57.6", "v240", "h115.2", "v28.8" ] ],
    [ "servo1:GND", "bb1:bn.20", "black", [ "h38.4", "v249.6", "h-9.6", "v19.2" ] ],
    [ "servo2:V+", "bb1:bp.10", "green", [ "h105.6", "v259.3" ] ],
    [ "servo1:V+", "bb1:bp.17", "green", [ "h0" ] ],
    [ "servo2:PWM", "uno:9", "green", [ "h0" ] ],
    [ "servo1:PWM", "uno:10", "green", [ "h0" ] ]
  ],
  "dependencies": {}
}